{
  "data": {
    "time_series": {
      "feature": [
         0.24213,
         -0.091817,
         -0.10503,
         -0.0071071,
         -0.8231
      ],
      "label": [
        0,
        0,
        0,
        0,
        1
      ],
      "time_stamp": [
        "1455733669601",
        "1455733669602",
        "1455733669603",
        "1455733669604",
        "1455733669605"
      ]
    }
  }
}